epoch,loss,val_loss
0,0.5215465426445007,1.2859760522842407
1,0.24438664317131042,0.5290396213531494
2,0.20277757942676544,0.3309083878993988
3,0.18937844038009644,0.3056941032409668
4,0.18638309836387634,0.2972647249698639
5,0.18538951873779297,0.2969977557659149
6,0.18479937314987183,0.2948954701423645
7,0.1843235194683075,0.2936628758907318
8,0.1838775873184204,0.294878751039505
9,0.18357041478157043,0.2974598705768585
10,0.18347661197185516,0.30651167035102844
11,0.18321262300014496,0.2962648570537567
12,0.18297095596790314,0.3018334209918976
